    test-logloss-mean,  test-logloss-std,   train-logloss-mean, train-logloss-std
995,0.334330333333,     0.00255108726276,   0.281724333333,     0.00109940600124
996,0.334328666667,     0.00254719641087,   0.281670666667,     0.00110637737183
997,0.334328666667,     0.00254889052117,   0.281625333333,     0.00110333927491
998,0.334325,           0.00254295510512,   0.281582666667,     0.00112080695136
999,0.334324666667,     0.00254111646504,   0.281532333333,     0.00112128388714


0,0.649194333333,0.000149337053525,0.649053666667,3.65270067515e-05
1,0.612861333333,0.000205227245321,0.612606333333,0.000590641082967
2,0.582757333333,0.000231194482825,0.582443,0.00035502769845
3,0.556939,0.000696727110616,0.556539,0.000396944160641
4,0.535048,0.00073224722601,0.534574,0.000422644846966
5,0.516806666667,0.000487075855375,0.516204333333,0.000807348059321
6,0.500982,0.000585712102203,0.500306666667,0.000704405817378
7,0.487352666667,0.000589892833958,0.486592666667,0.000863520443044
8,0.475547333333,0.000522152170242,0.474727,0.00105224426822
9,0.464027666667,0.000287544006294,0.463147666667,0.00189185223759
10,0.454844666667,0.000316548398967,0.453921,0.00145648709801
11,0.446026333333,0.00125572192605,0.445027666667,0.0012863771695
12,0.438477666667,0.00104379957633,0.437423,0.00180422245487
13,0.432381,0.00107688563305,0.431248666667,0.00199599638165
14,0.426325,0.0011761686387,0.425114666667,0.00144718907618
15,0.420913666667,0.000802400703445,0.419635333333,0.00143335906954
16,0.416565,0.00108028360474,0.415255666667,0.0012497792694
17,0.412081,0.000597589044969,0.410685666667,0.00177621945591
18,0.408705333333,0.000585583659456,0.407239666667,0.00184615227493
19,0.405260666667,0.00125339707285,0.403749666667,0.00121431800704
20,0.40187,0.000781860601386,0.400296333333,0.00173304824579
21,0.398622,0.00106423431004,0.396965666667,0.00162732384266
22,0.396317,0.000987377671748,0.394587333333,0.0016761098479
23,0.393738333333,0.00128490786527,0.391920333333,0.00133744839984
24,0.39164,0.00163594274553,0.389749333333,0.00100541279527
25,0.389105666667,0.00167320975639,0.387149333333,0.00102305989832
26,0.387437666667,0.00161524246546,0.385420333333,0.00116125717316
27,0.385910666667,0.00149891434786,0.383838333333,0.00125975932446
28,0.384267333333,0.0018047982959,0.382133333333,0.000970951881174
29,0.382955666667,0.00170529300187,0.380763,0.00110215183467
30,0.381524333333,0.00149405986791,0.379278666667,0.00137322111192
31,0.380179333333,0.00164427538921,0.377879333333,0.00132950726044
32,0.378727333333,0.00166126243829,0.376366666667,0.00120392284729
33,0.377573666667,0.0019399938717,0.375152666667,0.00094372182813
34,0.376523333333,0.00184662111857,0.374039333333,0.00110243437698
35,0.375624333333,0.00171299198934,0.373103333333,0.00122237646501
36,0.374686666667,0.0020460701085,0.372097,0.000913455344648
37,0.373952666667,0.00187805011174,0.371296,0.00104356152989
38,0.373000333333,0.00173621606438,0.370300666667,0.00121335247238
39,0.372317,0.00185104348949,0.369555333333,0.00113457020742
40,0.371486333333,0.00187811187692,0.368671,0.00112555142042
41,0.370880666667,0.00180472737246,0.368006333333,0.00120665276235
42,0.370044,0.00189270018756,0.367126333333,0.00112616912091
43,0.369457333333,0.00177204897098,0.366481666667,0.00124479351255
44,0.368902333333,0.0019243175991,0.365864,0.00110439395145
45,0.368302,0.00176802846885,0.365227333333,0.00124162107299
46,0.36753,0.00180468796934,0.364381333333,0.00121138112179
47,0.367040333333,0.00176749037401,0.363865,0.00125831739504
48,0.366557333333,0.00185757912946,0.363305666667,0.00116490466944
49,0.366046333333,0.00174524732408,0.362737333333,0.00126817489155
50,0.365651333333,0.00176215934454,0.362296,0.00126254372862
51,0.365134666667,0.00185397686669,0.361727666667,0.00119291081906
52,0.364715,0.00189331472996,0.361279666667,0.0011591920558
53,0.364314333333,0.00167144534926,0.360808,0.00138793587748
54,0.363932333333,0.00190736298474,0.360375666667,0.00111540615423
55,0.363536333333,0.00185130518524,0.359934333333,0.00117671756264
56,0.363179333333,0.00195615342502,0.359524333333,0.00112061957069
57,0.362626333333,0.00199767637241,0.358878333333,0.00106731449078
58,0.362262,0.00203302188872,0.358434,0.00102676709466
59,0.361958,0.0018806504194,0.358087,0.00117399943214
60,0.361564,0.00194233948286,0.357620333333,0.0011346897765
61,0.361226,0.00202839164529,0.357237,0.00105528763851
62,0.360998666667,0.00201984460348,0.356967,0.00106391478355
63,0.360763,0.002006627519,0.356683333333,0.00106911344373
64,0.360433333333,0.00202265276857,0.356332666667,0.00108374361462
65,0.360069333333,0.00206031394587,0.355905333333,0.0011178444535
66,0.359744333333,0.00203561953441,0.355515,0.00106914576493
67,0.359464666667,0.00204085869727,0.355185666667,0.00103505888185
68,0.359153,0.00190003210499,0.354799333333,0.00118478868252
69,0.358898666667,0.00190631237967,0.354499666667,0.00116924172959
70,0.358598666667,0.00202859628534,0.354129,0.00105996352138
71,0.358320333333,0.00198421929792,0.353803,0.00113508090754
72,0.358214666667,0.00204748452714,0.353662333333,0.00107048192678
73,0.358007,0.00194537519946,0.353400666667,0.00119805128809
74,0.357773333333,0.00202447249645,0.353099666667,0.00111816585929
75,0.357506,0.00195810844099,0.352774666667,0.00115934042551
76,0.357398,0.00200954737856,0.352631333333,0.00111852055065
77,0.357146666667,0.00207901456357,0.352292666667,0.0010668496718
78,0.356926333333,0.00196994100306,0.352008,0.00117692169097
79,0.356699666667,0.00194355161724,0.351734,0.00122411137837
80,0.356525333333,0.00189420173747,0.351512,0.00124735747349
81,0.356324,0.00181458222924,0.351251333333,0.00136595566871
82,0.356137333333,0.00182936096918,0.350995,0.00136197577071
83,0.355887,0.00191865160986,0.350711333333,0.00130519738822
84,0.355698333333,0.00194298779089,0.350458666667,0.00124740806831
85,0.355526,0.00197484379129,0.350241,0.00121600109649
86,0.355353666667,0.00192353222542,0.350027,0.00124543994904
87,0.355192333333,0.00192516740975,0.349809333333,0.00124148683261
88,0.354923666667,0.00187710438945,0.349446333333,0.00131089799586
89,0.354834333333,0.00189581316473,0.349288,0.00129176803903
90,0.354742,0.00189338022242,0.349149333333,0.00128628906376
91,0.354531666667,0.00178257011706,0.348904,0.00141791889754
92,0.354261,0.00181266727964,0.348559,0.00140781911717
93,0.354171,0.00175440645234,0.348396,0.00150266252587
94,0.354008666667,0.00189087428338,0.348170333333,0.00137661719039
95,0.353823333333,0.00189739757446,0.347937666667,0.00135419603045
96,0.353683,0.00187207603122,0.347762333333,0.00137258304748
97,0.353425333333,0.00174775843742,0.347451333333,0.0015085552323
98,0.353231333333,0.00173357671368,0.347188666667,0.00151796559762
99,0.353071666667,0.00172179312217,0.346979666667,0.00152586616568
100,0.352985666667,0.0017310660171,0.346842333333,0.00152366757821
101,0.352891666667,0.00176815013189,0.346705,0.00148902451289
102,0.352781666667,0.00175207616526,0.346557333333,0.0015067011058
103,0.352629,0.00172410730525,0.346309333333,0.0015421574354
104,0.352562,0.00175408456657,0.346189,0.00150379675045
105,0.352391666667,0.00171284292592,0.345966666667,0.00155744605756
106,0.352301333333,0.0017021594781,0.345833666667,0.00158094177277
107,0.352176333333,0.00174400331294,0.345610333333,0.00150773833568
108,0.352048333333,0.00176039130751,0.345404333333,0.00149873754281
109,0.351870333333,0.0016615042047,0.345183,0.00162880651603
110,0.351785666667,0.00166015226879,0.345045333333,0.00162053331414
111,0.351663333333,0.00160621134627,0.344854,0.00171208488886
112,0.351530333333,0.00158732402349,0.344678,0.00173011117177
113,0.351359,0.00161332534433,0.344415,0.00170665891925
114,0.351312666667,0.00160778944171,0.344328333333,0.00171743225647
115,0.351140333333,0.0016074031507,0.344081,0.00172394199438
116,0.351078333333,0.0015967371592,0.343975666667,0.00173781593451
117,0.350927333333,0.0015353059051,0.343725666667,0.00180449334225
118,0.350794666667,0.00155914513614,0.343544666667,0.00177959496016
119,0.35066,0.0016062455188,0.343365666667,0.00173359017328
120,0.350543666667,0.00164737171141,0.343181666667,0.00166739823944
121,0.350380333333,0.00167332490038,0.342957333333,0.00166736645309
122,0.350225333333,0.00159617591623,0.342752333333,0.00175606384344
123,0.350066666667,0.00168243084718,0.342535,0.00165285591225
124,0.349988,0.00167528465243,0.342407333333,0.00167546219162
125,0.349825,0.00175279262892,0.342162,0.00160118039791
126,0.349705333333,0.00169399455594,0.341981,0.00166068801003
127,0.349634,0.00164856119086,0.341849666667,0.00173354441022
128,0.349537333333,0.0016180948331,0.341705,0.0017837518512
129,0.349415,0.00167422997226,0.341520666667,0.00171569273343
130,0.349352666667,0.00167554495281,0.341390333333,0.00172955607663
131,0.34919,0.00163510060853,0.341137666667,0.00177957866424
132,0.349026666667,0.00167287702942,0.340902666667,0.0017277145469
133,0.348924666667,0.00171279933313,0.340724,0.00168691493561
134,0.348792333333,0.00171819407777,0.340523333333,0.00168213878407
135,0.348736333333,0.00171828680829,0.340408666667,0.0016629524614
136,0.348693666667,0.00171193951087,0.340317,0.00168604329719
137,0.348586,0.00172152567993,0.340148,0.00167662577816
138,0.348546,0.00172169916071,0.340073666667,0.00168969116179
139,0.348387333333,0.00182850145079,0.339867,0.00159279063282
140,0.348263,0.00185466546849,0.339687,0.0015518146367
141,0.348145,0.00190724950299,0.339516333333,0.00149493842311
142,0.348058333333,0.00190792336208,0.339393666667,0.00149407950108
143,0.347963666667,0.00183400042409,0.339252666667,0.0015750708626
144,0.347900333333,0.00180350812462,0.339138,0.00161141263079
145,0.347785,0.00180320880654,0.338976666667,0.00161121100073
146,0.347615666667,0.00189579646118,0.338755333333,0.0015242548635
147,0.347512666667,0.00195763502443,0.338587666667,0.00145832422854
148,0.347462,0.00198155814113,0.338490666667,0.00141632537065
149,0.347410666667,0.00201965910215,0.338391666667,0.00135509146883
150,0.347297,0.00207339399697,0.338217666667,0.00128499969736
151,0.347177,0.00207790294929,0.338035666667,0.00125363081576
152,0.347109,0.00209445888,0.33792,0.00124910634722
153,0.347063,0.00215410491852,0.337828333333,0.00118014415315
154,0.347002333333,0.00217531642654,0.337726666667,0.00115284585073
155,0.346931,0.00218354314514,0.337591666667,0.00115135292398
156,0.346799,0.00217408984788,0.337392333333,0.00114427075273
157,0.346646,0.00216803244133,0.337178666667,0.00115319883609
158,0.346567666667,0.00216998084989,0.337050333333,0.00115387588395
159,0.34647,0.00213937794697,0.336898666667,0.00121171402934
160,0.346338,0.00207493437647,0.336694333333,0.00128243760949
161,0.346240333333,0.00202167823575,0.336551666667,0.00135517583935
162,0.346141,0.00204160574059,0.336377,0.00132465718836
163,0.346079333333,0.00200482290711,0.336242,0.0013667635738
164,0.346031333333,0.00200922478141,0.336139,0.00136684771159
165,0.345938666667,0.00200880351343,0.336008333333,0.00136840450485
166,0.345887666667,0.00198864649671,0.335887,0.00138037845052
167,0.345812666667,0.00194351868756,0.335726333333,0.00144095392786
168,0.345728,0.00197763040025,0.335584,0.00137843848853
169,0.345654666667,0.00192036217649,0.335454333333,0.00144562727638
170,0.345538333333,0.00194295210669,0.335268333333,0.00141142063972
171,0.345514,0.0019412887472,0.335201666667,0.00139817627247
172,0.345479333333,0.00194898423687,0.335106666667,0.00138791554338
173,0.34539,0.00202124037825,0.334994333333,0.00131671316374
174,0.345331,0.00202445515304,0.334898333333,0.00133397709459
175,0.345205333333,0.00202309092452,0.334687666667,0.00133306272254
176,0.345121666667,0.00204487282952,0.334544333333,0.00130650279585
177,0.345060333333,0.00207405180477,0.334425333333,0.00128576108028
178,0.344987,0.00209657546172,0.334262333333,0.00127493799413
179,0.344931666667,0.00205716801021,0.334158666667,0.00131953080887
180,0.344849333333,0.00200380510252,0.333994,0.00137696211519
181,0.34481,0.0020042616263,0.333905333333,0.00139661169343
182,0.344742,0.00201319596662,0.333738666667,0.00139564186747
183,0.344691666667,0.00200255775336,0.333642333333,0.00140200150578
184,0.344626666667,0.00203600201921,0.33352,0.00139532385727
185,0.344578333333,0.00202558770621,0.333419,0.0014011354919
186,0.344482,0.00209229124805,0.333276333333,0.00131824487693
187,0.344426333333,0.00209470480551,0.333179,0.0013271495771
188,0.344348333333,0.00212034860865,0.333034666667,0.00127616360846
189,0.344273333333,0.00209928469299,0.332891333333,0.00129806531252
190,0.344217666667,0.00206820797364,0.332787,0.00132941190005
191,0.344122666667,0.00207671171701,0.332619666667,0.00130926858292
192,0.344102666667,0.00206722750455,0.332553333333,0.00131550607077
193,0.344039,0.00205490194413,0.332432333333,0.00135144005499
194,0.343990333333,0.00207740548655,0.332333333333,0.00131044123188
195,0.343954333333,0.00208288139098,0.332257333333,0.00126978668375
196,0.343874333333,0.00213917388,0.332101666667,0.0012036548047
197,0.343820333333,0.00215253592046,0.33198,0.00118165082265
198,0.343752333333,0.00215888386801,0.331848,0.00116339932955
199,0.343665333333,0.00213214169844,0.331688333333,0.00120575905093
200,0.343594333333,0.00213873254263,0.331554,0.00121801669392
201,0.343555,0.00213021610797,0.331438,0.00124064042602
202,0.343502,0.00213286724075,0.331331,0.00123034629272
203,0.343421333333,0.00219140158093,0.331197,0.00115151812839
204,0.343368,0.00221191063713,0.33108,0.00113304574783
205,0.343341666667,0.0021964350409,0.330997,0.00114278111057
206,0.343299666667,0.0022229543905,0.330884333333,0.00112304239556
207,0.343248,0.00222754768,0.330773,0.00112209209367
208,0.343233666667,0.00221506904833,0.330718666667,0.00114121582339
209,0.343224666667,0.00222893477299,0.330655666667,0.00113743727544
210,0.343225333333,0.0022276626515,0.330619,0.00112822545028
211,0.343167666667,0.00220007050392,0.330500333333,0.00116447451191
212,0.343100333333,0.00215297349935,0.330377333333,0.00121009154842
213,0.34304,0.00216197008922,0.33024,0.00118895780693
214,0.342991666667,0.00215855203525,0.330133333333,0.00121756186245
215,0.34292,0.00216314400815,0.329996,0.00120027857878
216,0.342883333333,0.00219559351632,0.329894666667,0.00115231284332
217,0.342842,0.00219800925081,0.329804,0.0011305435271
218,0.342809666667,0.00218741267762,0.329705666667,0.00112956402602
219,0.342797666667,0.00218414671872,0.329653333333,0.00114720888343
220,0.342750666667,0.00218215128307,0.329557,0.00115643158034
221,0.342692666667,0.00219789631744,0.329472,0.00113412021703
222,0.342633666667,0.00220712638716,0.329345,0.00114674408653
223,0.342555333333,0.00219653444215,0.329210666667,0.00116579310152
224,0.342530666667,0.00220459903132,0.329169,0.0011555624893
225,0.342456333333,0.00217176431093,0.329041666667,0.00119695678934
226,0.342420333333,0.00214374288467,0.328945333333,0.00121521749311
227,0.342353,0.00215762940902,0.328798333333,0.00120479523387
228,0.342291333333,0.00213371387231,0.328676666667,0.00124772121174
229,0.342275333333,0.00213571445241,0.328607666667,0.00124404831989
230,0.342218,0.00212230173789,0.328491,0.00126923283916
231,0.342187333333,0.00212969486599,0.328405666667,0.00128847748223
232,0.342136333333,0.00214019459136,0.32828,0.00128743957787
233,0.342091333333,0.00215701218252,0.328167666667,0.00126361764611
234,0.342059666667,0.00215077309098,0.328088333333,0.00126373159949
235,0.342023333333,0.00212766073946,0.328007666667,0.00131110496232
236,0.341978333333,0.00210609501738,0.327897333333,0.00137027718202
237,0.341958333333,0.00209600609626,0.327845333333,0.00138497324483
238,0.341929666667,0.0020902314598,0.327755666667,0.00140409456788
239,0.341919666667,0.00207603023956,0.327712333333,0.00141624770275
240,0.341879333333,0.00209245013216,0.327616666667,0.00138289800379
241,0.341859666667,0.00209249234699,0.327538,0.00140756337927
242,0.341825333333,0.00208723251114,0.327449,0.00141993403603
243,0.341804333333,0.00207322137961,0.327342,0.00143550432485
244,0.341765333333,0.00207440663538,0.327232333333,0.00144365608401
245,0.341708,0.00213492404236,0.327126666667,0.0013730106417
246,0.341681666667,0.00214120843347,0.327057666667,0.00135490130842
247,0.341660666667,0.00215122172007,0.326955333333,0.00135232376137
248,0.341614,0.00216181466982,0.326831666667,0.00136085496002
249,0.341594,0.00218155006055,0.326743333333,0.00133585461617
250,0.341564666667,0.00220295564085,0.326635,0.00132086865358
251,0.341546,0.00221624472175,0.326561333333,0.00128652874908
252,0.341506666667,0.00221526075716,0.326452333333,0.00127141662024
253,0.341448,0.00222997623306,0.326343666667,0.00126019848525
254,0.341402666667,0.00222804104291,0.326235333333,0.00125392087292
255,0.341381333333,0.00224440657834,0.326172333333,0.00121875136467
256,0.341328333333,0.00226353563161,0.326046666667,0.00119435794002
257,0.341301,0.0022408321371,0.325952,0.00121747470884
258,0.341293666667,0.00223449029734,0.325888,0.00122808170195
259,0.341219333333,0.00222722014079,0.325762,0.00123359988111
260,0.341196333333,0.00221797645514,0.325678666667,0.00124807407188
261,0.341184,0.00221977341186,0.325627,0.00123689611528
262,0.341125333333,0.00222743384987,0.325497,0.00123654707418
263,0.341107333333,0.00221759965328,0.325423666667,0.0012558103183
264,0.341072666667,0.00219916777188,0.325303666667,0.00126096321208
265,0.341052,0.00221167945236,0.325189666667,0.00125471918062
266,0.341018,0.0021986624722,0.325095666667,0.00129596870676
267,0.341003333333,0.00219981125453,0.324993333333,0.001288739522
268,0.340987,0.00219477743746,0.324906333333,0.00131771527864
269,0.340968666667,0.0021866498475,0.324816333333,0.00134843324723
270,0.340935666667,0.00221302603288,0.324712,0.00133379558654
271,0.340896,0.00220930230314,0.324606,0.00132557333508
272,0.340848666667,0.00222475052284,0.324494,0.00130523893087
273,0.340784333333,0.00219683990212,0.324354333333,0.00130802964628
274,0.340755666667,0.00217516012182,0.324256333333,0.00135461540257
275,0.340701333333,0.00215620195921,0.324122666667,0.00138973722536
276,0.340664333333,0.00214175416164,0.324030333333,0.00140851631947
277,0.340643333333,0.00217373876586,0.323958666667,0.00137616625288
278,0.340628333333,0.00218421554695,0.323889,0.00138603920098
279,0.340614,0.00218469235058,0.323821333333,0.00137729114166
280,0.340583333333,0.00217543502674,0.323715666667,0.00140349690258
281,0.340541333333,0.00220312782703,0.323605666667,0.00136438125985
282,0.340516,0.00220953750817,0.323504666667,0.00133978414514
283,0.340480666667,0.00220595940327,0.323412666667,0.00136449876837
284,0.340425333333,0.00219446657654,0.323282333333,0.00138574272103
285,0.340415333333,0.00220270626478,0.323220666667,0.00135596394577
286,0.340408333333,0.002206597582,0.323159666667,0.00132975946029
287,0.340378,0.00222651251961,0.323078666667,0.00129589308544
288,0.340341333333,0.00226189453532,0.322979,0.00125467153736
289,0.340314666667,0.00227424556477,0.322895,0.00121098967791
290,0.340266,0.00227863526407,0.322782,0.00119510111148
291,0.34022,0.00230066700473,0.322672,0.00119166634033
292,0.340168666667,0.00230333762662,0.322557333333,0.00119370832097
293,0.340134666667,0.00229607205655,0.322480333333,0.00119978785162
294,0.340104,0.00231543746766,0.322406,0.00119319766454
295,0.340069333333,0.00231384835765,0.322337,0.00119158745657
296,0.340067333333,0.00231993424236,0.322279333333,0.00120539490993
297,0.340038666667,0.00229570357165,0.322186,0.00123943320379
298,0.340019,0.00230047516831,0.322112333333,0.00121061481166
299,0.340008666667,0.0023047189754,0.322074,0.0011976496427
300,0.339963333333,0.00230914967514,0.321958666667,0.00120471305943
301,0.339955666667,0.0023122037588,0.321887333333,0.00122871052553
302,0.339929,0.00231223830952,0.321793666667,0.00123229605029
303,0.339927,0.00231355873061,0.321769,0.00122605165742
304,0.339912,0.0023215237812,0.321702,0.00118829036855
305,0.339904,0.00231644612859,0.321630666667,0.00117070358712
306,0.339885333333,0.00231516829242,0.321536666667,0.00115914920907
307,0.339878333333,0.00231378554658,0.321466333333,0.00118059655354
308,0.339859666667,0.00231739758254,0.321407666667,0.00118492203213
309,0.339836,0.0023268563915,0.321315666667,0.00118833674614
310,0.339817666667,0.00232116828822,0.321251,0.00119683833495
311,0.339780666667,0.00231472407763,0.321140666667,0.00119710911041
312,0.339733666667,0.00230615080937,0.321035,0.00123752764279
313,0.339733333333,0.00230806763814,0.320996,0.00123530751907
314,0.339718666667,0.00230406370475,0.320917333333,0.00122904850279
315,0.339692333333,0.00232240167834,0.320836666667,0.00119291948131
316,0.339692,0.00232450553882,0.320784666667,0.00118457456029
317,0.33968,0.00233265356765,0.320719666667,0.00114162875849
318,0.339661666667,0.00234328605927,0.320649333333,0.00110470518943
319,0.339631666667,0.00236889880653,0.320563666667,0.0010674484635
320,0.339595,0.00235970859783,0.320473,0.00108695568754
321,0.339567333333,0.00232610551972,0.320381333333,0.00110653975176
322,0.339556333333,0.0023253486238,0.32033,0.00110878882871
323,0.339532666667,0.00231956351258,0.320261,0.00114417160718
324,0.339509333333,0.0023273625034,0.32018,0.00113748347973
325,0.339491666667,0.00232384599796,0.320099666667,0.00115268536711
326,0.339488,0.00232582558819,0.320054333333,0.00115307540468
327,0.339482333333,0.00232831503214,0.319990333333,0.00115456379449
328,0.339461333333,0.00232372837388,0.319894666667,0.0011684446452
329,0.339446,0.00230232360888,0.319819333333,0.00121499529034
330,0.339433666667,0.00230040957706,0.319778333333,0.00123134759061
331,0.339423666667,0.00230932549075,0.319709333333,0.00120337202154
332,0.339407333333,0.00231767934701,0.319621333333,0.00118317717279
333,0.339393333333,0.002316115474,0.319572,0.00119372554076
334,0.339389666667,0.00231072244595,0.319495,0.00120659935356
335,0.339365333333,0.00230882485742,0.319422333333,0.00120400701364
336,0.339331333333,0.0023205525683,0.319321333333,0.00120429712096
337,0.339308666667,0.00232608316465,0.319244666667,0.00120436050343
338,0.339274,0.00234662495228,0.319163666667,0.001162132905
339,0.339256666667,0.00235337464553,0.319103666667,0.00113755068263
340,0.339215333333,0.00238091387683,0.318994,0.00111744380918
341,0.339206333333,0.00237394416297,0.318914,0.00112789390754
342,0.339186,0.00236452207997,0.318828,0.00114731105925
343,0.339148,0.00236708526814,0.318747,0.00114817623502
344,0.339133666667,0.00236596905211,0.318689,0.00115768389468
345,0.339127666667,0.00235957769291,0.318616333333,0.00114144654812
346,0.339109,0.00236302955264,0.318538333333,0.00113942977942
347,0.339099,0.0023762257188,0.318501666667,0.0011129688026
348,0.339069,0.00234413921657,0.318420333333,0.00116304838917
349,0.339052333333,0.00233342842663,0.318330333333,0.00118820041332
350,0.339018333333,0.0023138276129,0.318240666667,0.00122516729016
351,0.339005,0.00231057005953,0.318176,0.00123382440674
352,0.338993333333,0.00230284263948,0.318101666667,0.00122104991253
353,0.338969,0.00229023899772,0.318010333333,0.00121770284644
354,0.338945333333,0.00228186025475,0.317925,0.00123485248782
355,0.338933333333,0.00227666339678,0.317858333333,0.00123895179711
356,0.338895666667,0.00224296297091,0.317781,0.00128492204692
357,0.338879333333,0.00224210278286,0.317681666667,0.00127623857052
358,0.338862666667,0.0022368224983,0.317609333333,0.0013081315768
359,0.338859,0.0022340520734,0.317556666667,0.00131054831612
360,0.338837333333,0.00225774759932,0.317469666667,0.00129831720144
361,0.338799666667,0.00227715177848,0.317379666667,0.00124725200162
362,0.338784,0.00226970541407,0.317312666667,0.00125578058947
363,0.338768333333,0.00227099425118,0.317233333333,0.00125832940397
364,0.338758666667,0.00227266016426,0.317179666667,0.00127540485947
365,0.338724666667,0.00229613448116,0.317083666667,0.00127071012517
366,0.338696333333,0.00228944044595,0.316997,0.00125424426117
367,0.338681333333,0.00229605013495,0.316925666667,0.0012798339302
368,0.338661333333,0.00227392675539,0.316843666667,0.00132158852228
369,0.338632,0.0022624015264,0.316767,0.00133295636338
370,0.338619666667,0.00228160474715,0.316708,0.00129344191984
371,0.338596,0.00229891510645,0.316630666667,0.00126557189532
372,0.338593,0.00230409953489,0.316576,0.00126312337745
373,0.338578666667,0.00230067603591,0.316507333333,0.00127779349749
374,0.338571,0.00229699325206,0.316458,0.0012708495846
375,0.338571333333,0.00230338277805,0.316399666667,0.00129305048453
376,0.338559,0.00230006217307,0.316344,0.0013018988696
377,0.338539,0.00228232381576,0.316261333333,0.00133169098851
378,0.338524666667,0.00227900363219,0.316215333333,0.00133623284731
379,0.338497333333,0.00227643908086,0.316143333333,0.00134705662671
380,0.338480666667,0.00228749562234,0.316078333333,0.00133660174406
381,0.338477,0.00229023768781,0.316017,0.00131496717323
382,0.338463,0.00230071771411,0.315962666667,0.00129930964576
383,0.338443,0.0023025213716,0.315882666667,0.0012835592009
384,0.338424333333,0.00230205275545,0.315819333333,0.00128793331435
385,0.338412333333,0.00230539155508,0.315738666667,0.00131494545726
386,0.338396,0.00230988585577,0.315676333333,0.00130334577999
387,0.338376,0.00231457526701,0.315593333333,0.00130040771384
388,0.338355666667,0.00229878610479,0.315508,0.00132297341873
389,0.338340333333,0.00228809459789,0.315447333333,0.00135974074326
390,0.338323666667,0.0022799140822,0.315388666667,0.00138158757313
391,0.338307,0.00228345921794,0.315306666667,0.00140912604909
392,0.338297333333,0.00228825265699,0.315248666667,0.00141456102339
393,0.338278,0.00227840309574,0.315177333333,0.00143034549051
394,0.338267666667,0.00226791010012,0.315133666667,0.00146541469292
395,0.338254,0.00224792986249,0.315083666667,0.00149431240226
396,0.338222666667,0.00225353593764,0.315016333333,0.00146968053974
397,0.338214666667,0.00226807559153,0.314943666667,0.00144969567688
398,0.338206333333,0.00227733796838,0.314871666667,0.00143386246047
399,0.338198333333,0.00226672338164,0.314777333333,0.00144387357095
400,0.338176333333,0.00226954934342,0.314680666667,0.00145482056931
401,0.338152333333,0.00227442437162,0.314587666667,0.00143873377971
402,0.338128333333,0.00227666603221,0.314491666667,0.00142870951872
403,0.338091333333,0.00230166813903,0.314411333333,0.0013930566711
404,0.338080333333,0.0023008688697,0.314336,0.00139508566045
405,0.338081333333,0.0023045752079,0.314264666667,0.00139416912731
406,0.338072666667,0.00230825191192,0.314199666667,0.00139738263272
407,0.338060666667,0.00231535632007,0.314142333333,0.00138810094093
408,0.338041,0.002326564993,0.314070666667,0.00138433867083
409,0.338041,0.0023136866685,0.313992,0.00138112297304
410,0.338022666667,0.0023159087969,0.313922333333,0.00139651001508
411,0.338020333333,0.00231137395407,0.313882666667,0.0014070281526
412,0.338020333333,0.00230880811002,0.313867666667,0.00141575853246
413,0.338016666667,0.00230376132058,0.313843333333,0.00141257361657
414,0.338007333333,0.00230824815727,0.313760666667,0.00141098224258
415,0.338002333333,0.00231112733434,0.313713,0.00140937030857
416,0.337996333333,0.00230611452929,0.313636333333,0.00141750822063
417,0.337984,0.00230818890042,0.313582666667,0.00140816436856
418,0.337963,0.00231132919911,0.313518,0.00138325292939
419,0.337948,0.00232415418307,0.313469666667,0.00137025942394
420,0.337950333333,0.00231970031589,0.313437333333,0.00136834750297
421,0.337949666667,0.00231884631276,0.313396,0.00136465600061
422,0.337941666667,0.00232194248182,0.313339,0.00135031625925
423,0.337915,0.00233021558373,0.313246,0.00134021291841
424,0.337895333333,0.00235397710741,0.313183,0.00131930082493
425,0.337881333333,0.00237374589111,0.313124333333,0.0012920604561
426,0.337880333333,0.00237234515945,0.313064333333,0.00128037294914
427,0.337864333333,0.00238527012214,0.312994666667,0.0012627410221
428,0.337858333333,0.00238362543665,0.312947666667,0.00127568552377
429,0.337843,0.00237494182385,0.312860666667,0.00128028182661
430,0.337795,0.00240975807914,0.312767333333,0.00123986836219
431,0.337785,0.00240816984451,0.312708666667,0.00122927358857
432,0.337770666667,0.00239883754255,0.312660333333,0.00124398186839
433,0.337759,0.00240466435634,0.312583333333,0.00124066711445
434,0.337750666667,0.00240851078931,0.312499333333,0.00122724225626
435,0.337736,0.00240782488289,0.312432666667,0.00121262286892
436,0.337729666667,0.00240189568651,0.312375333333,0.00122447821087
437,0.337725666667,0.00240016809597,0.312346333333,0.00122607132292
438,0.337712,0.00240094995089,0.312305333333,0.00122148115918
439,0.337689333333,0.00240745430325,0.312230666667,0.00122775929599
440,0.337682666667,0.00240799312476,0.312175333333,0.00123268604636
441,0.337649666667,0.00240637768348,0.312083333333,0.0012230787201
442,0.337633666667,0.00240451136177,0.312020333333,0.00121088544279
443,0.337630666667,0.00240590029349,0.311967,0.00120955887276
444,0.337623666667,0.00241370328656,0.311916666667,0.0011696422055
445,0.337613666667,0.00241938784728,0.311848666667,0.00113326705689
446,0.337599,0.00243225122058,0.311782666667,0.00111582147118
447,0.337574666667,0.00241432479634,0.311716666667,0.00113381666164
448,0.337564333333,0.00242445379874,0.311649,0.00112456480471
449,0.337554666667,0.00241524606522,0.311595333333,0.00115451846624
450,0.337546333333,0.00240523378397,0.311550333333,0.00118185118447
451,0.337545333333,0.00240707531157,0.311510333333,0.00119442101269
452,0.337535,0.00240140625468,0.311435,0.00119510111148
453,0.337518666667,0.0023905415472,0.311373,0.00122474024457
454,0.337512,0.00239178022959,0.311310666667,0.00121010118952
455,0.337482,0.00241477507579,0.311227333333,0.00117684502897
456,0.337421,0.00247459572456,0.311096666667,0.00112829350004
457,0.337411333333,0.00246702578467,0.311010666667,0.00114147166218
458,0.337391,0.00247797592133,0.310934666667,0.00115044377911
459,0.33734,0.00252318898751,0.310822333333,0.00109397206952
460,0.33732,0.00253136103049,0.310732666667,0.00106575836327
461,0.33732,0.0025198842566,0.310652333333,0.00107670371453
462,0.337305333333,0.00253794803379,0.310584,0.00105133439019
463,0.337299333333,0.00254066426135,0.310512333333,0.00105710684838
464,0.337286666667,0.00253514619346,0.310455666667,0.00105942070124
465,0.337281,0.00253863362198,0.310382333333,0.00103727120637
466,0.337241333333,0.00254062477006,0.310289666667,0.00105573050012
467,0.337209666667,0.00253910539801,0.310177333333,0.00106257841541
468,0.337196333333,0.00253512344648,0.310095666667,0.0010571188307
469,0.337191,0.00252872813881,0.310021,0.00105845264419
470,0.337182,0.00253846134499,0.309948,0.00106756951374
471,0.33718,0.00253982834066,0.309884333333,0.00107332018625
472,0.337176666667,0.00253934956676,0.309827,0.00105065154388
473,0.337158,0.00253079750276,0.309769333333,0.00107852440347
474,0.337124666667,0.00256117633564,0.309675333333,0.00103444810836
475,0.337115333333,0.00257586339355,0.309624,0.00100190518513
476,0.337116333333,0.00258060152333,0.309592,0.00100185261724
477,0.337108,0.00258685175455,0.30955,0.000973807989287
478,0.337071,0.0026022071401,0.309466,0.00095837814388
479,0.337035333333,0.00259610083694,0.309378666667,0.000961230230255
480,0.33702,0.00258502108309,0.309296,0.000966757811795
481,0.337001,0.00258319737277,0.309217,0.000975307131113
482,0.336996,0.00257483824735,0.309173333333,0.000990159695313
483,0.336995666667,0.00257283052083,0.309084,0.000984999830795
484,0.336981,0.00259060623536,0.309009666667,0.000954256545985
485,0.336985333333,0.00258990763456,0.308963666667,0.000926084709348
486,0.336966333333,0.00259701884646,0.308867666667,0.00091776552319
487,0.336950333333,0.00259546018185,0.308799333333,0.000911216159256
488,0.336935333333,0.00260013644941,0.308744333333,0.000906083268187
489,0.336934,0.00259904456804,0.308711333333,0.000908160901064
490,0.336937,0.00260200781449,0.308684666667,0.000917841429055
491,0.336932666667,0.00260130445909,0.308655333333,0.000923384475118
492,0.336905333333,0.00260890734898,0.308557,0.000917602673637
493,0.336890666667,0.00259796514389,0.308512,0.000909296797897
494,0.336868333333,0.00259205328306,0.308436666667,0.000899685253606
495,0.336856333333,0.00258716077755,0.308383,0.00091476372177
496,0.336848,0.00258097694682,0.308314,0.000902697069897
497,0.33684,0.002576821427,0.308249,0.000908138021815
498,0.336827,0.00257641184596,0.308189,0.000925687852356
499,0.336822666667,0.00256417242443,0.308134333333,0.000951827131831
500,0.336823666667,0.00256817864557,0.308077333333,0.000940833082374
501,0.336824,0.00256834473283,0.308036333333,0.000944449516326
502,0.336809333333,0.00256205195541,0.307956,0.000946324820908
503,0.336805666667,0.00255850807221,0.307907,0.00095329638623
504,0.33679,0.00253937643264,0.307835666667,0.000969843400876
505,0.336774,0.00251965645806,0.307778,0.000996443007235
506,0.336768333333,0.00251169867266,0.307732,0.0010217406716
507,0.336752,0.00249012569964,0.307655666667,0.00106890982885
508,0.336722666667,0.00248380411645,0.307563,0.00107636084408
509,0.336725333333,0.00248242036909,0.307516333333,0.00108280387062
510,0.336715333333,0.00246729897301,0.307455666667,0.00111623185564
511,0.336711333333,0.00246900591782,0.307393,0.00113186659991
512,0.336688666667,0.00245600845999,0.307321333333,0.00114070426589
513,0.336671333333,0.00247146506258,0.307247333333,0.00111770667987
514,0.336667,0.00247813733814,0.307189,0.0011268010768
515,0.336659666667,0.00247251617229,0.307127,0.00114252381449
516,0.336649,0.00245915527502,0.307078333333,0.00115908277914
517,0.336642666667,0.00245914705177,0.307017666667,0.00116209045355
518,0.336630666667,0.00246068558649,0.306976666667,0.00116472867608
519,0.336612666667,0.00244896771904,0.306893333333,0.00118419067534
520,0.336599666667,0.00243554912813,0.306831,0.00119245992246
521,0.336599,0.00243493915051,0.306765666667,0.00117787105501
522,0.336587666667,0.002422254643,0.306704333333,0.00119418712474
523,0.336572,0.002427191381,0.306636333333,0.00118521568595
524,0.336564,0.00242619881021,0.306583333333,0.00118641486092
525,0.336543333333,0.00240496518801,0.306530333333,0.0012194759348
526,0.336539,0.00241472248233,0.306465666667,0.00119946497332
527,0.336522,0.00242543315719,0.306397666667,0.00118085571609
528,0.336521333333,0.00242111576666,0.306348,0.00118436677878
529,0.336491666667,0.00242364330892,0.306268333333,0.00118151606939
530,0.336465,0.00242714688472,0.306162333333,0.00118803628826
531,0.336443666667,0.00243574620097,0.306078,0.00117658517187
532,0.336428333333,0.00243619653467,0.306006,0.0011691076369
533,0.336424666667,0.00244505028351,0.305931,0.00113901038918
534,0.336419,0.00244347798571,0.305879333333,0.00115741963964
535,0.336405666667,0.00242982966938,0.305828333333,0.00117389872741
536,0.336401666667,0.00243046255314,0.305791666667,0.00118957957092
537,0.336389333333,0.00243256576935,0.305743666667,0.00118442400441
538,0.336377,0.00243694603962,0.305704333333,0.00116578166433
539,0.336378333333,0.00244285684303,0.305653,0.00115613263368
540,0.336372666667,0.00244501620081,0.305593,0.00112164284274
541,0.336361666667,0.00245513480055,0.305534666667,0.00109870964722
542,0.336357333333,0.00245451438963,0.305475333333,0.00107752102325
543,0.336353666667,0.00245650623628,0.305437,0.00106000125786
544,0.336352,0.00245774463008,0.305414666667,0.00104327252219
545,0.336339333333,0.00246084339653,0.305357666667,0.0010408670531
546,0.336334,0.00244519501608,0.305269666667,0.00104184014555
547,0.336325333333,0.0024587276294,0.305221,0.00102046688661
548,0.336322,0.00245811404672,0.305171666667,0.00100813502182
549,0.336302666667,0.0024655163534,0.305094,0.000992219061834
550,0.336295333333,0.00246714103547,0.305023333333,0.000986070089914
551,0.336280333333,0.00247083053963,0.304958,0.000974731757972
552,0.336273666667,0.00247453973274,0.304895,0.000968112596757
553,0.336264,0.00247124745827,0.304849333333,0.000992508718126
554,0.336252666667,0.00247266581289,0.304783333333,0.00100584370334
555,0.33626,0.00247100155133,0.304748666667,0.000996888604052
556,0.336248,0.00246983454237,0.304691666667,0.00101052604563
557,0.336248333333,0.00246728384171,0.304627333333,0.00101140243666
558,0.336244666667,0.00247172413959,0.304585,0.00100620607565
559,0.336242,0.00247347811795,0.304510333333,0.000999277183212
560,0.336241666667,0.00247752623038,0.304460333333,0.000967803125067
561,0.336231333333,0.00248957484099,0.304401666667,0.000939425829371
562,0.336222,0.00249501356042,0.304335,0.000933889715116
563,0.336221666667,0.00249677316195,0.304284666667,0.000928081294332
564,0.336204,0.00250870059327,0.304225666667,0.000904501458754
565,0.336188,0.00251632046184,0.304137666667,0.000893935990749
566,0.336174,0.00250427514463,0.304058,0.000892307495579
567,0.336149333333,0.00252042011489,0.303976666667,0.000866800374301
568,0.336151,0.00251627939625,0.30392,0.000852821200487
569,0.336149666667,0.00251868938582,0.303862333333,0.000844941944094
570,0.336133333333,0.00251615385504,0.303801333333,0.000844142694625
571,0.336126,0.00252083650138,0.303738333333,0.000835743714039
572,0.336119333333,0.00251696779655,0.303697,0.000853995706469
573,0.336114666667,0.00251471354675,0.303623333333,0.000846184114455
574,0.336096333333,0.00251732852224,0.303552333333,0.000858022662223
575,0.336094666667,0.00252564715579,0.303488,0.000879377052236
576,0.336089,0.00252048619648,0.303450666667,0.000902996985352
577,0.336093333333,0.00252940867046,0.303422,0.000918394613805
578,0.336089666667,0.00253245682205,0.303368333333,0.000932764469497
579,0.336091,0.00253241439474,0.303334,0.000947937058389
580,0.336088,0.00252946726934,0.303276333333,0.0009733832179
581,0.336035,0.00251771060026,0.303174666667,0.00101780035152
582,0.336034,0.00251769458037,0.303148666667,0.00103270852078
583,0.336014,0.00250356585693,0.303075666667,0.00105824582315
584,0.336010666667,0.00250507835318,0.303032,0.00107870879605
585,0.335998666667,0.00250572761666,0.302955666667,0.00106234970179
586,0.335997666667,0.00251237766977,0.302901666667,0.00106304917833
587,0.335987,0.00250242775453,0.302836666667,0.00108716522306
588,0.335972,0.00249269492718,0.302753666667,0.00109621936166
589,0.335979333333,0.00249166936455,0.302679333333,0.0010915299151
590,0.335974666667,0.00248435106662,0.302634666667,0.00109275197959
591,0.335970333333,0.00247350174629,0.302578666667,0.00110361355958
592,0.335962,0.00247112160769,0.302549333333,0.00111827615353
593,0.335963666667,0.00246987777475,0.302487333333,0.00109824142256
594,0.335948666667,0.00246454462776,0.302423333333,0.0010977778565
595,0.335947333333,0.00246068951493,0.302387,0.00111716158187
596,0.335944,0.00246236647692,0.30236,0.00109979301083
597,0.335939,0.0024654412722,0.302315,0.00109423428326
598,0.335936666667,0.0024708495615,0.302250333333,0.00108558750095
599,0.33592,0.0024591406358,0.302179,0.00107721956908
600,0.335916333333,0.00246605005807,0.302114333333,0.00106218715656
601,0.335917666667,0.00247153951123,0.302046666667,0.00103993151484
602,0.335909666667,0.00248064431594,0.301998333333,0.00102127447611
603,0.335901666667,0.00248242036909,0.301963333333,0.00101950227508
604,0.335891666667,0.0024905153862,0.301916,0.00100083398557
605,0.335891,0.00248417082075,0.301877333333,0.000987883371434
606,0.335889333333,0.00247973121303,0.301829333333,0.000980189210759
607,0.335884666667,0.00247978014258,0.301783333333,0.00100331760785
608,0.335878,0.00247079595812,0.301736,0.00101924710775
609,0.335860666667,0.00246128697139,0.301666666667,0.00103334225803
610,0.335842333333,0.0024600738923,0.30159,0.0010307631477
611,0.335805333333,0.00247372988735,0.301496333333,0.00102706972608
612,0.335809,0.0024705004891,0.301428,0.0010131034827
613,0.335798666667,0.00247589476531,0.301382666667,0.00100685428715
614,0.335768,0.00249112183564,0.301291333333,0.000979930723175
615,0.335760333333,0.00248894372955,0.301239666667,0.000978881788346
616,0.335749666667,0.00246753187529,0.301169,0.00100377985634
617,0.335744666667,0.00246708482942,0.301128,0.000995753316172
618,0.335753333333,0.0024626844883,0.301078333333,0.000989601041947
619,0.335747666667,0.00246017686808,0.301044333333,0.001009334214
620,0.335746666667,0.00246261166695,0.301013333333,0.000976939552321
621,0.335734666667,0.00246684499355,0.300961,0.000955300999685
622,0.335728,0.00245822063018,0.300892666667,0.000951647460402
623,0.335720333333,0.00246580809382,0.300843666667,0.000947293102594
624,0.335674,0.00247909029014,0.300735666667,0.000912336317131
625,0.335660333333,0.00249896529699,0.300676333333,0.000891849140208
626,0.335647666667,0.00248983752259,0.300616333333,0.000906872403128
627,0.335640666667,0.00250135394448,0.300546,0.000876062783138
628,0.335645333333,0.00250103036545,0.300501666667,0.00085310465686
629,0.335627666667,0.00251022314192,0.300452666667,0.000828309657609
630,0.335621,0.00250866671096,0.300405,0.000823993932016
631,0.335618666667,0.00251217705498,0.300364,0.0008255256911
632,0.335615666667,0.00251610497043,0.300321333333,0.000845550839525
633,0.335624,0.00251711753136,0.300281666667,0.000859366562585
634,0.335624,0.00252573672421,0.300240666667,0.000869982503017
635,0.335619333333,0.00251848437667,0.300164,0.000877581905009
636,0.335603333333,0.00249808050755,0.300092,0.000897749779541
637,0.335604666667,0.00249988564183,0.300051666667,0.000915640516554
638,0.335602666667,0.00248831728059,0.299995333333,0.000951591415589
639,0.335602,0.00248416840546,0.299934333333,0.000953081435252
640,0.335603333333,0.00247532251546,0.29989,0.000959051962443
641,0.335605666667,0.00247702029777,0.299850333333,0.000978909029935
642,0.335598666667,0.00246322367821,0.299800666667,0.000960132745452
643,0.335596666667,0.00246139287577,0.299773333333,0.00096375423331
644,0.335598,0.00246145986493,0.299727,0.000939993971612
645,0.335602333333,0.00246096896003,0.299693666667,0.00092895401154
646,0.335597666667,0.002455850475,0.299663333333,0.00092643882091
647,0.335586666667,0.00246721980285,0.299609,0.000894792713426
648,0.335587,0.00246818678386,0.299536333333,0.000890198979005
649,0.33554,0.0025122489261,0.299439333333,0.000841086730896
650,0.335533666667,0.00251444113517,0.299378666667,0.000840244937834
651,0.335533333333,0.00251245913178,0.299322333333,0.00082534612268
652,0.335523,0.00250952518749,0.299274,0.000827540935543
653,0.335486,0.00254659354171,0.299184666667,0.000787384418326
654,0.335485666667,0.00254981585392,0.299128333333,0.000786615676314
655,0.335484666667,0.00255066191845,0.299058333333,0.000790177335933
656,0.335481,0.00253994645613,0.298979666667,0.000772096856331
657,0.335456,0.00252948703627,0.298902,0.000798225949632
658,0.335453333333,0.00252571327659,0.298835333333,0.000809795996258
659,0.335455333333,0.00252277576403,0.298789666667,0.000815506931642
660,0.335430333333,0.00252268763205,0.298703,0.000813571549814
661,0.335426333333,0.00252374171068,0.298629333333,0.000815866546821
662,0.335417666667,0.00252504340997,0.298564333333,0.000821745026689
663,0.335403333333,0.00253873161682,0.298491333333,0.000803191273746
664,0.335404,0.0025369481666,0.298435666667,0.000770692473616
665,0.335398333333,0.00254933485879,0.298392333333,0.000740639963515
666,0.335398666667,0.00255233178791,0.298320666667,0.00072979281687
667,0.335394666667,0.00255498132196,0.298274666667,0.000707863608959
668,0.335396,0.00254320676837,0.298234666667,0.00070628810615
669,0.335391333333,0.00254770358471,0.298178666667,0.000723650161028
670,0.335390666667,0.00254822413108,0.298116333333,0.00071842482016
671,0.335388,0.00254626877345,0.298077333333,0.000722325103783
672,0.335389666667,0.00255177550388,0.298034333333,0.000751673835886
673,0.335385,0.00255026913612,0.297988333333,0.000768854270255
674,0.33538,0.00255032952119,0.297939,0.000757659994105
675,0.335384,0.0025485330421,0.297904333333,0.00076588830053
676,0.335382,0.00254743491902,0.297882333333,0.000779066678076
677,0.335384333333,0.00254521568612,0.297839,0.000795718962113
678,0.335388333333,0.0025507296124,0.297793333333,0.000816487327247
679,0.335388,0.00254822657287,0.297758333333,0.000834129219939
680,0.335392666667,0.00255015101949,0.297717,0.000842700816819
681,0.335391666667,0.00255134243531,0.297680666667,0.000858574140978
682,0.335394,0.00255058476955,0.297639,0.000855239537596
683,0.335394333333,0.00255308732496,0.297603666667,0.000870877080241
684,0.335390666667,0.0025574122772,0.297564666667,0.000861345588148
685,0.335387666667,0.00256873825491,0.297516666667,0.000835352354133
686,0.335379,0.00257897899694,0.297481666667,0.000819224158715
687,0.335381333333,0.00256843562418,0.297439333333,0.00081614963225
688,0.335381,0.00256838172137,0.297392,0.000813768189761
689,0.33537,0.00256806425153,0.297313333333,0.000830088081002
690,0.335371666667,0.00256755776739,0.297273,0.000843168231533
691,0.335354666667,0.00256671909037,0.297200333333,0.000841030056274
692,0.33535,0.00257475215636,0.297161,0.000836901826182
693,0.335343,0.00258633498733,0.297105333333,0.0008240365418
694,0.335346666667,0.00258555066131,0.297069333333,0.00083103362681
695,0.335340333333,0.00258526624462,0.297019333333,0.000828460955963
696,0.335340666667,0.00258191935497,0.296981,0.000812675006793
697,0.335337666667,0.00258976245157,0.296955333333,0.000801692515176
698,0.335333333333,0.00258976348126,0.296898666667,0.00080144050864
699,0.335334666667,0.00259054618866,0.296857,0.000792480914597
700,0.335333,0.00259253093842,0.296824333333,0.000793803222188
701,0.335326,0.00259074313663,0.296778,0.000806345252771
702,0.335309666667,0.00258905714284,0.296701,0.000809869536819
703,0.335303,0.00258364406733,0.296644666667,0.000815165150275
704,0.335301333333,0.0025883400515,0.296588,0.000818471746611
705,0.335295333333,0.00258311663607,0.296542333333,0.000806540072711
706,0.335297333333,0.00258299571987,0.296479666667,0.000791461657666
707,0.335276666667,0.00259759495602,0.296397,0.000757131868743
708,0.335272333333,0.0025936790258,0.296341333333,0.000762711974179
709,0.335273333333,0.00259612035331,0.296310666667,0.000759006953562
710,0.335263,0.00259104624943,0.296249333333,0.000752145523744
711,0.335257666667,0.00258713797253,0.296192,0.000771082788465
712,0.335252666667,0.0025786627456,0.296134666667,0.000769268194816
713,0.335248,0.00257187259923,0.296061333333,0.000767224145142
714,0.335243,0.00258153016639,0.296006,0.000750469630742
715,0.33523,0.00258558400882,0.29596,0.000733166193074
716,0.335200666667,0.00262097187233,0.295871333333,0.000702474831499
717,0.335208666667,0.00261760467264,0.295832,0.000695149384425
718,0.335199,0.00261279020717,0.295785666667,0.000703066774132
719,0.335169333333,0.00261978578429,0.295699666667,0.000724332489645
720,0.335172666667,0.00261377049915,0.295662,0.00072675580493
721,0.335164666667,0.00261674254667,0.295602333333,0.000719241421375
722,0.335163333333,0.00261597608722,0.295558666667,0.00069297250226
723,0.335165333333,0.00260866304625,0.295503333333,0.000678476888987
724,0.335165666667,0.00260674028029,0.295459666667,0.000679850146887
725,0.335167666667,0.00260707567124,0.295427,0.000665994494472
726,0.335163,0.00261156747312,0.295368333333,0.000676096804377
727,0.335154333333,0.00261219350143,0.295324333333,0.000687352570051
728,0.335133333333,0.00260244863329,0.295257666667,0.000698436985148
729,0.335129,0.00260416166933,0.295204,0.000705508327378
730,0.335121666667,0.00261144408752,0.295138,0.000694559332719
731,0.335111333333,0.00261182520259,0.295083666667,0.000671982307968
732,0.335107666667,0.00261052042491,0.295053333333,0.000660782532726
733,0.335105,0.00261235564194,0.295023,0.000665109514792
734,0.335090333333,0.00261625308833,0.294952333333,0.000638505720848
735,0.33509,0.00261630821324,0.294931,0.000639025821075
736,0.33508,0.00261890358738,0.294866666667,0.000627351221849
737,0.335067,0.00261371396038,0.29482,0.000626996544382
738,0.335066666667,0.00261328163214,0.294761,0.000636962060618
739,0.335064,0.00260706054143,0.294701333333,0.000642710060776
740,0.335063333333,0.00262160781879,0.294650333333,0.000640964030885
741,0.335064,0.00262003905823,0.294625666667,0.000652754335276
742,0.335052333333,0.00262103406227,0.294548333333,0.000659323053509
743,0.335044333333,0.00260996121725,0.294499666667,0.000685886449948
744,0.335040333333,0.00262028806728,0.294433333333,0.000694258517333
745,0.335042666667,0.0026306604156,0.294391333333,0.000711900898222
746,0.335046,0.00262848663683,0.294347333333,0.000726326984828
747,0.335048333333,0.00262802198536,0.294300666667,0.000715889345888
748,0.335048,0.002629702011,0.294261333333,0.000698637881086
749,0.335047,0.00262570612725,0.294208666667,0.000686911121535
750,0.335049333333,0.00261898457846,0.294160666667,0.000678112248984
751,0.33503,0.00263348894055,0.294091333333,0.000643361139295
752,0.33502,0.00263634684112,0.294023333333,0.000634981014589
753,0.335018,0.00262851035126,0.293964666667,0.000628300529648
754,0.335018,0.00263239852606,0.293897333333,0.000656467482481
755,0.335008666667,0.00263405521751,0.293841,0.000685053769179
756,0.335010666667,0.00263637305571,0.293780333333,0.000704015782651
757,0.334999666667,0.00265829222539,0.293709,0.000685053769179
758,0.334986333333,0.00266703959892,0.293641,0.000680172527133
759,0.334977333333,0.00265967044742,0.293602333333,0.000685727999201
760,0.334975,0.00266832394335,0.293545666667,0.000697631389457
761,0.334976666667,0.00266395799934,0.293516666667,0.000715184513877
762,0.334981,0.00266834218195,0.293484,0.000735427766677
763,0.334973333333,0.00265482332536,0.293439666667,0.000761015257549
764,0.334957,0.00267246103807,0.293387333333,0.000728386496916
765,0.334946666667,0.00268010352205,0.293318,0.000732522127083
766,0.334949333333,0.00268168856424,0.293280666667,0.000745780277443
767,0.334946666667,0.00268899241766,0.293236,0.000742272636345
768,0.334943333333,0.00269239389557,0.293202666667,0.000723996930626
769,0.334943333333,0.00268976843283,0.293162,0.00072019302968
770,0.334947,0.002688535041,0.293102333333,0.00071384234176
771,0.334919333333,0.00268484665401,0.293026333333,0.000720211234446
772,0.334919666667,0.00269089580293,0.292963333333,0.000714556428065
773,0.334920333333,0.00267818462562,0.292902666667,0.000731407015431
774,0.334917,0.00268509826015,0.292837666667,0.000728167715724
775,0.334900666667,0.00267688056431,0.292775666667,0.000737782412971
776,0.334902666667,0.0026647984706,0.292712,0.000740303091083
777,0.334908333333,0.00265981783002,0.292662,0.000749451799651
778,0.334903,0.00266460591208,0.292614666667,0.000765266983187
779,0.334897333333,0.00266334205255,0.292569666667,0.000786497015605
780,0.334898333333,0.00266465236423,0.292543333333,0.000788929372983
781,0.334901333333,0.00267547395594,0.292476333333,0.000781049863254
782,0.334901666667,0.00267221572649,0.292421333333,0.000791004565235
783,0.334896,0.00267737446018,0.292359,0.000781314703987
784,0.334888333333,0.00268011396938,0.292318,0.000764246469842
785,0.334892,0.00267209031783,0.292257,0.000752477242181
786,0.334894,0.00267047111948,0.292191333333,0.000745949655733
787,0.334895333333,0.0026776241127,0.292123,0.000762942112265
788,0.334892,0.00267326803744,0.292096,0.000757359007781
789,0.334893333333,0.00266735541106,0.292036333333,0.000768877247825
790,0.334902,0.00267122930502,0.291998333333,0.000791584206232
791,0.334901666667,0.00267390106191,0.291954333333,0.000819895250762
792,0.334902333333,0.00267414488928,0.291914666667,0.000843314624298
793,0.334883,0.00264630698648,0.291842,0.000890808995614
794,0.334876,0.00264247762526,0.291788666667,0.000912026802725
795,0.334876333333,0.00264003564791,0.291736333333,0.000901586133187
796,0.334865,0.00263150349927,0.291667333333,0.000925688692572
797,0.334861,0.00263163561307,0.291613666667,0.000938393781357
798,0.334870333333,0.00263591253438,0.291574333333,0.000924040884136
799,0.334864333333,0.00263811060336,0.291539666667,0.000920573130658
800,0.334856,0.00263388167287,0.291492,0.000912165555149
801,0.334858333333,0.00263976669845,0.291455666667,0.000912002314812
802,0.334862,0.00263872140755,0.291420333333,0.000914773681786
803,0.334859666667,0.00263920055236,0.291359,0.000925290584988
804,0.334851666667,0.00264900538987,0.291297666667,0.000923503955355
805,0.334841333333,0.00264533618951,0.291255666667,0.000931546861707
806,0.334838333333,0.00263915899904,0.291198666667,0.000938255236537
807,0.334842333333,0.00263531963062,0.291153,0.000950078242392
808,0.334851,0.00263124723278,0.291107,0.000936848262349
809,0.334856,0.00263084827891,0.291066666667,0.000911043479875
810,0.334857666667,0.00263313530901,0.291038,0.000898208216395
811,0.334853666667,0.00262504975614,0.290981333333,0.000890471909845
812,0.334856333333,0.00262370391283,0.29094,0.000887956455389
813,0.334854666667,0.00261302893635,0.290886,0.000886483314376
814,0.334848333333,0.00261410970611,0.290848666667,0.000889516098162
815,0.334822666667,0.00260133072783,0.290766,0.000917372697799
816,0.334823333333,0.00259786968281,0.290720333333,0.000913192689901
817,0.334821666667,0.00259727528169,0.290651666667,0.000920337739939
818,0.334789333333,0.00258003776889,0.290566,0.000947558265579
819,0.334787333333,0.00258605753137,0.290513666667,0.000935476468022
820,0.334789,0.00259032597691,0.290446666667,0.00093461590447
821,0.334785333333,0.00259093398003,0.290391,0.000947050157067
822,0.334777666667,0.0026019564861,0.290327333333,0.000941318342657
823,0.334774,0.00259397545606,0.290257333333,0.000945664610502
824,0.334775,0.0025970030163,0.290217,0.000954302886928
825,0.334773,0.0026022768236,0.290155666667,0.000963859371946
826,0.334753,0.00260277941183,0.290085666667,0.000957404941612
827,0.334743333333,0.00259147478389,0.290017333333,0.000961474330853
828,0.334740666667,0.00258641906031,0.289980333333,0.000960869860537
829,0.334747666667,0.00258201592215,0.289929333333,0.000948161847413
830,0.334749666667,0.0025892131795,0.289885666667,0.000942227974301
831,0.334746666667,0.00258461735831,0.289836666667,0.000938686079345
832,0.334741666667,0.00259427039626,0.289781666667,0.000932206820161
833,0.334733333333,0.00259819993243,0.289722333333,0.000924829834198
834,0.334728666667,0.00259618506445,0.289681333333,0.000927243345742
835,0.334716666667,0.0025784817669,0.289609,0.000954484503105
836,0.334716,0.00257831572931,0.289579666667,0.000970058532026
837,0.334716,0.00258286133322,0.289531,0.00097331187191
838,0.334708666667,0.00257878476979,0.289484666667,0.000993393622332
839,0.334701333333,0.00256795136679,0.289442333333,0.00102673895849
840,0.334692666667,0.0025700054907,0.289388,0.00102532563933
841,0.334687666667,0.00258296655461,0.289345333333,0.00101597156566
842,0.334678666667,0.00258331380638,0.289311666667,0.00102086248938
843,0.334675666667,0.00258312347535,0.289277,0.00101487174888
844,0.334660666667,0.00258150012374,0.289233666667,0.0010213528066
845,0.334657333333,0.00258226442402,0.289174,0.00102313635455
846,0.334648333333,0.00258725727793,0.289099666667,0.00101177149375
847,0.334655,0.00258556389723,0.289058333333,0.000992849546619
848,0.334652333333,0.0025780842155,0.289002666667,0.000996760530697
849,0.334638,0.00259199704218,0.288951666667,0.000969990492508
850,0.334637,0.00259699454498,0.288919,0.000960075344266
851,0.334630333333,0.00260450946544,0.288894,0.000942084214212
852,0.334616,0.00261571252243,0.288843,0.000933299880353
853,0.334609666667,0.00261628761586,0.288795666667,0.000913195975073
854,0.334613,0.0026113407795,0.288742,0.000899699208995
855,0.334612,0.00260922874939,0.288703666667,0.000902309013341
856,0.334615,0.00260888686352,0.288676666667,0.000895875859456
857,0.334615666667,0.00260924642165,0.288635666667,0.000888918568949
858,0.334613666667,0.00261215496392,0.288590666667,0.000896013888781
859,0.334616666667,0.00261475407809,0.288542666667,0.000885339984915
860,0.334604,0.00261760055522,0.288484,0.000873077316164
861,0.334601666667,0.00261774894815,0.288445333333,0.000856156268187
862,0.334598,0.00262367121924,0.288398,0.000835706886414
863,0.334598,0.00261612041007,0.288331333333,0.000829450554417
864,0.334599666667,0.00261482406461,0.288299,0.000840782175517
865,0.334605333333,0.0026181749793,0.288265,0.000844363665727
866,0.334605666667,0.00261250331207,0.288213666667,0.00083995330558
867,0.334599666667,0.00260665179024,0.288154333333,0.000852137052096
868,0.334606,0.00261625087992,0.288103666667,0.000853049562192
869,0.334605,0.00261518221163,0.288069,0.0008560494534
870,0.334611,0.00262234030337,0.288023333333,0.000855360482812
871,0.334604666667,0.00261692253526,0.28797,0.000877683314186
872,0.334603666667,0.00262272000454,0.287904333333,0.000871829621479
873,0.334605666667,0.00262541226392,0.287867333333,0.000887305033358
874,0.334604,0.00261980202814,0.287811333333,0.000875339680099
875,0.334608333333,0.00262116530489,0.287754,0.000874746058389
876,0.334613,0.00262177967546,0.287721666667,0.000882870067199
877,0.334611666667,0.00262184239716,0.287700666667,0.000892299028104
878,0.334614333333,0.0026308742949,0.287657,0.000923153652794
879,0.334609,0.00262956156041,0.287601333333,0.000928603730818
880,0.334605666667,0.00263205196673,0.287558333333,0.000917317223696
881,0.334604333333,0.00263528876765,0.287512,0.000935427531488
882,0.334596,0.00264563300554,0.287451666667,0.000919489109355
883,0.334598333333,0.00265372170525,0.287400333333,0.000924182281203
884,0.334590333333,0.00265605024216,0.287347,0.000918892086519
885,0.334590666667,0.00265302397694,0.287311333333,0.000944576565922
886,0.334583666667,0.00265235421633,0.287265333333,0.000953361188404
887,0.334585333333,0.00265247234775,0.287207666667,0.000942140942511
888,0.334574,0.00265062269414,0.287163666667,0.000938263762963
889,0.334585,0.00264644264375,0.287122666667,0.000939072000553
890,0.334583,0.00265179674938,0.287076666667,0.000923115858865
891,0.334577666667,0.0026466192691,0.287055,0.000918980231924
892,0.334577,0.00264302818752,0.286997,0.000902463665012
893,0.334579,0.00264352882842,0.286939333333,0.000902361839225
894,0.334573,0.00264350688796,0.286878666667,0.00090501025163
895,0.334578666667,0.00265203837747,0.286818333333,0.000901885925282
896,0.334584333333,0.0026506681338,0.286778666667,0.000924933270866
897,0.334584666667,0.00265141601581,0.286727333333,0.000918608488724
898,0.334585,0.00265049089793,0.286688666667,0.000922670158953
899,0.334577333333,0.00264093371535,0.286630333333,0.000915795222137
900,0.334579,0.00264202964909,0.286587,0.00093671909699
901,0.334577666667,0.00264114953929,0.286538333333,0.00096188784285
902,0.334575,0.00264095891676,0.286498,0.000968397989809
903,0.334578333333,0.00264786660456,0.286439666667,0.000975866908048
904,0.334581666667,0.00265104071807,0.286394333333,0.000954321515819
905,0.334589666667,0.00264961083096,0.286338,0.000939401227733
906,0.334581666667,0.00264732938806,0.286275,0.000947029038626
907,0.334581333333,0.00264878517228,0.286231,0.00093313485985
908,0.334573333333,0.00265310011538,0.286191333333,0.000924765315574
909,0.334569,0.00265814308619,0.286154333333,0.000932659399543
910,0.334572333333,0.00265260580478,0.286115,0.000938680279257
911,0.334564,0.00265805279606,0.286051,0.000949179645799
912,0.334559666667,0.00266455904211,0.286002333333,0.000953432512324
913,0.334557333333,0.00266603730073,0.285946666667,0.000947169936648
914,0.33455,0.00266772149971,0.285889666667,0.000960278200431
915,0.334538666667,0.00266111259105,0.285831666667,0.000968849604198
916,0.334539666667,0.00266444595033,0.285778,0.000973706321228
917,0.334543,0.0026667017081,0.285714333333,0.000978622955427
918,0.334545,0.00266993420643,0.285666333333,0.000985755998657
919,0.334523333333,0.00269080871776,0.285589333333,0.000961977592717
920,0.334517666667,0.00268820687861,0.285525666667,0.00096544301863
921,0.334518666667,0.00268862447277,0.285474666667,0.000960101499264
922,0.334518333333,0.00269150668255,0.285434,0.00096259648867
923,0.334510666667,0.00269293264346,0.285375666667,0.000951893668198
924,0.334501666667,0.00268717848723,0.285319,0.00095895672478
925,0.334500666667,0.00268357377805,0.28527,0.000952736059987
926,0.334498,0.00268156521457,0.285212666667,0.000941039260015
927,0.334501666667,0.00268608728244,0.285164,0.000917662610477
928,0.334495666667,0.00268964561895,0.285108666667,0.000906495204375
929,0.334501,0.00268521035799,0.285056333333,0.000905229375475
930,0.334493666667,0.00269508816595,0.284987333333,0.000891197820664
931,0.334495333333,0.00270165212828,0.284914,0.000888672042994
932,0.334492666667,0.00269882966405,0.284852333333,0.000890280979367
933,0.334499666667,0.00269977657512,0.284793333333,0.000889930459206
934,0.334448,0.00263407972544,0.284704333333,0.000940263910943
935,0.334455666667,0.0026323274028,0.284642333333,0.00094986887984
936,0.334463333333,0.00263198737754,0.284586333333,0.000964989925106
937,0.334465666667,0.00262939743837,0.284547333333,0.000966638620283
938,0.334469,0.00263024612283,0.284508666667,0.000963951013048
939,0.334467333333,0.0026385572236,0.284469666667,0.000963312456521
940,0.334466666667,0.00263424503205,0.284429666667,0.000971115280947
941,0.334467,0.00263438126828,0.284394,0.000971592507176
942,0.334468666667,0.00263454706206,0.284337,0.00098409078172
943,0.334460666667,0.00263806511587,0.284278666667,0.000996926721925
944,0.334463,0.00263329046379,0.284244,0.00100918217714
945,0.334471,0.00263520562133,0.284195333333,0.00102520805477
946,0.334469666667,0.0026330603656,0.284155666667,0.00103673729663
947,0.334471,0.00263269139855,0.284143,0.00103744911522
948,0.334475,0.00263239219469,0.284106,0.00105819122405
949,0.334474333333,0.00264037804532,0.284034666667,0.00106154991509
950,0.334467,0.00263661386378,0.283974666667,0.00107839397047
951,0.334464333333,0.00263848344488,0.283909666667,0.00107146794425
952,0.334461333333,0.00262796046816,0.283866,0.00108364692897
953,0.334460333333,0.00263163641528,0.283820666667,0.00109736360833
954,0.334456,0.00262895302354,0.283767666667,0.00110568601129
955,0.334457,0.00262895302354,0.283728333333,0.00112185689323
956,0.334449666667,0.00262961623732,0.283695666667,0.00111944996414
957,0.334447666667,0.00263510674462,0.283651333333,0.00113439832315
958,0.334451333333,0.00262998381913,0.283607,0.00112628356406
959,0.334446,0.00263290878434,0.283541333333,0.00113748269828
960,0.334447,0.00262954444724,0.283512666667,0.00115110883741
961,0.334443,0.00262979428853,0.283454666667,0.00113993342886
962,0.334437,0.00261943047245,0.283403,0.00113485711289
963,0.334427333333,0.00260283388295,0.283345333333,0.00115347773662
964,0.334417,0.00259827032209,0.283276666667,0.0011516956581
965,0.334417666667,0.00259651488645,0.283235333333,0.00112312134498
966,0.334421666667,0.00259863878897,0.283184333333,0.00112872947256
967,0.334419666667,0.00260590513173,0.283141666667,0.00110613209981
968,0.334417,0.00260375050008,0.283099,0.00110163605605
969,0.334415666667,0.0025991481083,0.283045,0.00112152158547
970,0.334401333333,0.00259302427464,0.282972666667,0.00112928187604
971,0.334397,0.00259219713756,0.282918333333,0.00114108291645
972,0.334398333333,0.00258462458052,0.282858,0.00114225041037
973,0.334405,0.00258026368162,0.282808333333,0.00112089438495
974,0.334398,0.00258038459666,0.282757333333,0.00111077580496
975,0.3344,0.00258301774416,0.282684333333,0.001098772143
976,0.334393333333,0.00258902173717,0.282647,0.00107822446643
977,0.334393666667,0.0025869550097,0.282607333333,0.00106040128673
978,0.334387,0.0025833158279,0.282565,0.00106939889658
979,0.334387666667,0.00258117600244,0.282523666667,0.00104793426427
980,0.334383333333,0.00258549548228,0.282459666667,0.00105077252005
981,0.334381,0.00258271988415,0.282405,0.00104375955085
982,0.334380666667,0.00258219574953,0.282367,0.00104375955085
983,0.334376,0.00258540222532,0.282328,0.00104137985385
984,0.334379333333,0.00258541206688,0.282278666667,0.00104411121162
985,0.334377666667,0.00258228094693,0.282226666667,0.00106399133246
986,0.334381,0.00258140310684,0.282157,0.00106987507059
987,0.334384666667,0.00258042429758,0.282112,0.001063663794
988,0.334375,0.00258280674203,0.282065666667,0.00107182285021
989,0.334369666667,0.00258071273532,0.282015666667,0.00107375550704
990,0.334361666667,0.00257119237363,0.281974,0.00108267200327
991,0.334355666667,0.00257205201261,0.281931666667,0.00108021181051
992,0.334344333333,0.00256230447493,0.281869333333,0.00108299040726
993,0.334341,0.00256407111186,0.281833333333,0.00108025223392
994,0.334335666667,0.00255424357144,0.281771333333,0.00109056142524
995,0.334330333333,0.00255108726276,0.281724333333,0.00109940600124
996,0.334328666667,0.00254719641087,0.281670666667,0.00110637737183
997,0.334328666667,0.00254889052117,0.281625333333,0.00110333927491
998,0.334325,0.00254295510512,0.281582666667,0.00112080695136
999,0.334324666667,0.00254111646504,0.281532333333,0.00112128388714
